mc_slug,rating
mass-effect-2,M
starcraft-ii-wings-of-liberty,T
world-of-warcraft-cataclysm,T
sid-meiers-civilization-v,E10+
bioshock-2,M
super-meat-boy,T
battlefield-bad-company-2,M
monkey-island-2-special-edition-lechucks-revenge,E10+
borderlands-the-secret-armory-of-general-knoxx,M
need-for-speed-hot-pursuit,E10+
mass-effect-2-lair-of-the-shadow-broker,M
battlefield-bad-company-2-vietnam,M
assassins-creed-ii,M
amnesia-the-dark-descent,M
football-manager-2011,E
warhammer-40000-dawn-of-war-ii---chaos-rising,M
fallout-new-vegas,M
just-cause-2,M
f1-2010,E
shatter,E
fifa-soccer-11,E
sam-max-the-devils-playhouse---episode-2-the-tomb-of-sammun-mak,T
darksiders,M
age-of-conan-rise-of-the-godslayer,M
tom-clancys-splinter-cell-conviction,M
bejeweled-3,E
dragon-age-origins---awakening,M
lara-croft-and-the-guardian-of-light,T
desktop-dungeons,
recettear-an-item-shops-tale,
divinity-ii-the-dragon-knight-saga,M
vvvvvv,
metro-2033,M
blur,E10+
sam-max-the-devils-playhouse---episode-1-the-penal-zone,E10+
napoleon-total-war,T
call-of-duty-black-ops,M
sam-max-the-devils-playhouse---episode-5-the-city-that-dares-not-sleep,E10+
toki-tori,E
stalker-call-of-pripyat,M
revenge-of-the-titans,
cart-life,
worms-reloaded,E10+
puzzle-dimension,E
splitsecond,E10+
tropico-3-absolute-power,T
the-misadventures-of-pb-winterbottom,E
the-settlers-7-paths-to-a-kingdom,E10+
lego-harry-potter-years-1-4,E10+
dead-rising-2,M
deathspank-thongs-of-virtue,T
mount-blade-warband,T
kings-bounty-crossworlds,T
dawn-of-discovery-venice,T
mafia-ii,M
deathspank,T
alien-swarm,
supreme-commander-2,E10+
lost-horizon,T
singularity,M
heroes-of-newerth,
plain-sight,
ruse,T
serious-sam-hd-the-second-encounter,M
greed-corp,E
dins-curse,T
sam-max-the-devils-playhouse---episode-4-beyond-the-alley-of-the-dolls,E10+
victoria-ii,T
the-dream-machine,
fifa-manager-11,E
prince-of-persia-the-forgotten-sands,T
left-4-dead-2-the-passing,M
transformers-war-for-cybertron,T
dark-fall-3-lost-souls,
sam-max-the-devils-playhouse---episode-3-they-stole-maxs-brain!,E10+
sol-survivor,
back-to-the-future-the-game---episode-i-its-about-time,
the-sims-3-late-night-expansion-pack,T
the-sims-3-ambitions,T
disneypixar-toy-story-3,E10+
arma-ii-operation-arrowhead,M
blood-bowl-legendary-edition,T
alpha-protocol,M
medal-of-honor,M
divinity-ii-ego-draconis,M
flotilla,
poker-night-at-the-inventory,E10+
europa-universalis-iii-divine-wind,E10+
jolly-rover,E10+
max-the-magic-marker,E
mass-effect-2-kasumi---stolen-memory,M
the-kings-crusade,
lead-and-gold-gangs-of-the-wild-west,M
global-agenda,T
evochron-mercenary,
beat-hazard,E
puzzle-agent,
the-whispered-world,E
cities-xl-2011,E
lego-universe,E10+
dragon-age-origins---return-to-ostagar,M
naild,E10+
magic-the-gathering---duels-of-the-planeswalkers,T
spider-man-shattered-dimensions,T
crimecraft-bleedout,M
the-ball,M
galcon-fusion,
commander-conquest-of-the-americas,T
aliens-vs-predator,M
the-undergarden,E
shank,M
mole-control,E
patrician-iv,
star-trek-online,T
tom-clancys-hawx-2,T
kane-lynch-2-dog-days,M
ghost-pirates-of-vooju-island,T
hearts-of-iron-iii-semper-fi,E
blacklight-tango-down,T
apache-air-assault,T
alien-breed-impact,T
alien-breed-3-descent,T
command-conquer-4-tiberian-twilight,T
alternativa,
lost-planet-2,T
james-bond-007-blood-stone,T
front-mission-evolved,T
arcania-gothic-4,T
need-for-speed-world,E10+
silent-hunter-5-battle-of-the-atlantic,T
doc-clock-the-toasted-sandwich-of-time,E
rignroll,T
emergency-2012,T
majesty-2-kingmaker,T
star-wars-the-force-unleashed-ii,T
alter-ego-2010,T
apb-all-points-bulletin,M
hotel-giant-2,E
vancouver-2010---the-official-video-game-of-the-olympic-winter-games,E
tron-evolution,T
dark-void,T
art-of-murder-cards-of-destiny,T
disciples-iii-renaissance,T
sniper-ghost-warrior,M
create,E
elemental-war-of-magic,T
blade-kitten,T
final-fantasy-xiv-online,T
prison-break-the-conspiracy,T
starpoint-gemini,
the-scourge-project-episodes-1-and-2,
darkstar-the-interactive-movie,M
portal-2,E10+
the-elder-scrolls-v-skyrim,M
minecraft,
batman-arkham-city,T
deus-ex-human-revolution,M
total-war-shogun-2,T
fifa-soccer-12,E
battlefield-3,M
limbo,T
assassins-creed-brotherhood,M
the-witcher-2-assassins-of-kings,M
dead-space-2,M
bastion,E10+
crysis-2,M
dirt-3,T
battlefield-3-back-to-karkand,M
frozen-synapse,
star-wars-the-old-republic,T
saints-row-the-third,M
spacechem,
super-street-fighter-iv-arcade-edition,T
football-manager-2012,E
unity-of-command,
the-binding-of-isaac,
trine-2,E10+
rift,T
shift-2-unleashed,E10+
anno-2070,T
orcs-must-die!,T
terraria,T
la-noire-the-complete-edition,M
f1-2011,E
the-book-of-unwritten-tales,T
gemini-rue,
dragon-age-ii,M
monday-night-combat,T
bulletstorm,M
fallout-new-vegas---old-world-blues,M
to-the-moon,
rochard,T
jamestown-legend-of-the-lost-colony,
trackmania-2-canyon,E
dungeon-defenders,E10+
anomaly-warzone-earth,E10+
dead-island,M
assassins-creed-revelations,M
world-of-tanks,T
warhammer-40000-dawn-of-war-ii---retribution,M
panzer-corps,
driver-san-francisco,T
capsized,
runaway-a-twist-of-fate,T
bloodline-champions,
dungeons-of-dredmor,
rage,M
the-sims-3-pets,T
two-worlds-ii-pirates-of-the-flying-fortress,M
call-of-duty-modern-warfare-3,M
tropico-4,T
sonic-generations,E
men-of-war-assault-squad,T
section-8-prejudice,T
might-magic-heroes-vi,T
pro-evolution-soccer-2012,
xenonauts,
magic-the-gathering---duels-of-the-planeswalkers-2012,T
the-sims-medieval,T
hamiltons-great-adventure,E
from-dust,E10+
renegade-ops,T
lego-star-wars-iii-the-clone-wars,E10+
red-orchestra-2-heroes-of-stalingrad,M
whos-that-flying!,
payday-the-heist,M
avadon-the-black-fortress,
black-mirror-iii-final-fear,M
red-faction-armageddon,M
back-to-the-future-the-game---episode-v-outatime,RP
atom-zombie-smasher,T
two-worlds-ii,M
fable-iii,M
alice-madness-returns,M
hector-badge-of-carnage---episode-1-we-negotiate-with-terrorists,
the-next-big-thing,E10+
back-to-the-future-the-game---episode-ii-get-tannen!,RP
edge-2011,
space-pirates-and-zombies,
magicka,T
warhammer-40000-space-marine,M
fear-3,M
rock-of-ages,E10+
fortix-2,
deus-ex-human-revolution---the-missing-link,M
hector-badge-of-carnage---episode-2-senseless-acts-of-justice,
lego-pirates-of-the-caribbean-the-video-game,E10+
the-blackwell-deception,
hard-reset,M
solar-2,
serious-sam-3-bfe,
blocks-that-matter,
dc-universe-online,T
gray-matter,T
dungeon-siege-iii,T
test-drive-unlimited-2,T
fifa-manager-12,E
back-to-the-future-the-game---episode-iii-citizen-brown,E
nuclear-dawn,M
black-mirror-ii-reigning-evil,T
back-to-the-future-the-game---episode-iv-double-visions,RP
hector-badge-of-carnage---episode-3-beyond-reasonable-doom,
age-of-empires-online,E10+
sanctum-2011,
take-on-helicopters,T
cities-in-motion,E
brink,T
the-sims-3-generations,T
fallout-new-vegas---dead-money,M
before-the-echo,
homefront,M
pride-of-nations,T
fate-of-the-world,
sengoku,T
need-for-speed-the-run,T
qube,
lume,
forsaken-world,
runespell-overture,
earth-defense-force-insect-armageddon,T
mount-blade-with-fire-sword,T
men-of-war-vietnam,T
battlefield-play4free,
oil-rush,
xotic,
railworks-3-train-simulator-2012,E
the-sims-medieval-pirates-nobles,T
operation-flashpoint-red-river,M
the-lord-of-the-rings-war-in-the-north,M
dragon-age-ii-legacy,M
fallout-new-vegas---honest-hearts,M
dead-rising-2-off-the-record,M
serious-sam-double-d,
dungeons,M
darkspore,T
hoard,E
cargo!-the-quest-for-gravity,T
serious-sam-the-random-encounter,
hydrophobia-prophecy,M
supreme-ruler-cold-war,RP
the-baconing,T
puzzle-agent-2,
mass-effect-2-arrival,M
the-tiny-bang-story,
chantelise-a-tale-of-two-sisters,
breach-2011,T
hunted-the-demons-forge,M
cities-xl-2012,E
eye-divine-cybermancy,RP
venetica,T
magicka-vietnam,T
storm-frontline-nation,
off-road-drive,
il-2-sturmovik-cliffs-of-dover,T
inmomentum,
faery-legends-of-avalon,E10+
ignite,
the-first-templar,T
apb-reloaded,M
pirates-of-black-cove,T
edna-harvey-the-breakout,T
crasher,
the-cursed-crusade,M
king-arthur-fallen-champions,RP
duke-nukem-forever,M
no-time-to-explain,
jurassic-park-the-game,T
achron,
a-game-of-thrones-genesis,
alpha-polaris-a-horror-adventure-game,
the-haunted-hells-reach,M
call-of-juarez-the-cartel,M
afterfall-insanity,
gods-heroes-rome-rising,T
trapped-dead,
elements-of-war,T
dungeons-dragons-daggerdale,T
garshasp-the-monster-slayer,
theatre-of-war-3-korea,
grotesque-tactics-2-dungeons-donuts,RP
stronghold-3,T
dead-horde,
sword-of-the-stars-ii-lords-of-winter,T
ghostbusters-sanctum-of-slime,E10+
harry-potter-and-the-deathly-hallows-part-2,T
painkiller-redemption,M
arcania-fall-of-setarrif,T
battle-los-angeles,T
shadow-harvest-phantom-ops,M
the-asskickers,
postal-iii,
flatout-3-chaos-destruction,
dishonored,M
mark-of-the-ninja,M
guild-wars-2,T
the-walking-dead-a-telltale-games-series,
the-walking-dead-episode-5---no-time-left,M
borderlands-2,M
xcom-enemy-unknown,M
mass-effect-3,M
far-cry-3,M
torchlight-ii,
thirty-flights-of-loving,
diablo-iii,M
max-payne-3,M
battlefield-3-armored-kill,M
total-war-shogun-2---fall-of-the-samurai,T
football-manager-2013,
fifa-soccer-13,E
tribes-ascend,T
rayman-origins,E10+
hotline-miami,M
out-of-the-park-baseball-13,
dark-souls-prepare-to-die-edition,M
the-walking-dead-episode-3---long-road-ahead,M
the-walking-dead-episode-2---starved-for-help,M
pinball-fx-2,E
planetside-2,T
black-mesa,
ftl-faster-than-light,E10+
orcs-must-die!-2,T
alan-wake,T
superbrothers-sword-sworcery-ep,
counter-strike-global-offensive,M
sins-of-a-solar-empire-rebellion,T
legend-of-grimrock,
borderlands-2-mr-torgues-campaign-of-carnage,M
crusader-kings-ii,T
world-of-warcraft-mists-of-pandaria,T
the-walking-dead-episode-1---a-new-day,M
botanicula,
darksiders-ii,M
lone-survivor,
the-cat-lady,
vessel,E
kingdoms-of-amalur-reckoning,M
waveform,
wargame-european-escalation,
sid-meiers-civilization-v-gods-kings,E10+
sleeping-dogs,M
pro-evolution-soccer-2013,E
assassins-creed-iii,M
la-mulana-remake,
natural-selection-2,
borderlands-2-captain-scarlett-and-her-pirates-booty,M
the-walking-dead-episode-4---around-every-corner,M
f1-2012,E
stealth-bastard-deluxe,T
stacking,E10+
flyn,
dustforce,
hitman-absolution,M
street-fighter-x-tekken,T
chivalry-medieval-warfare,
rift-storm-legion,T
need-for-speed-most-wanted---a-criterion-game,E10+
baldurs-gate-enhanced-edition,T
transformers-fall-of-cybertron,T
chaos-on-deponia,T
tropico-4-modern-times,T
elemental-fallen-enchantress,
deadlight,M
giana-sisters-twisted-dreams,
thomas-was-alone,
quantum-conundrum,E
endless-space,T
penny-arcade-adventures-episode-three,
the-darkness-ii,M
tera,M
magic-the-gathering---duels-of-the-planeswalkers-2013,T
resonance,
miasmata,
spec-ops-the-line,M
ys-origin,
prototype-2,M
super-monday-night-combat,
dear-esther,
tiny-big-grandpas-leftovers,
edna-harvey-harveys-new-eyes,
scribblenauts-unlimited,E
blacklight-retribution,
iron-brigade,T
the-dark-eye-chains-of-satinav,
warp,M
mass-effect-3-leviathan,M
symphony,
deponia,
the-sims-3-supernatural,T
kings-bounty-warriors-of-the-north,
incredipede,
unmechanical,
snapshot,E
the-secret-world,M
tri,
call-of-duty-black-ops-ii,M
drox-operative,
they-bleed-pixels,
the-testament-of-sherlock-holmes,M
ys-the-oath-in-felghana,
alan-wakes-american-nightmare,T
driftmoon,
the-book-of-unwritten-tales-critter-chronicles,T
battlefield-3-close-quarters,M
a-story-about-my-uncle,
the-sims-3-seasons,T
hawken,T
worms-revolution,E10+
unstoppable-gorg,E10+
war-of-the-roses,
ridge-racer-unbounded,T
the-journey-down-chapter-one,
cognition-an-erica-reed-thriller-episode-1---the-hangman,
underrail,
a-new-beginning-final-cut,
dirt-showdown,E10+
primordia,
gateways,
shank-2,M
retro-city-rampage,T
street-fighter-x-mega-man,
tom-clancys-ghost-recon-future-soldier,M
warlock-master-of-the-arcane,E10+
tom-clancys-ghost-recon-phantoms,
gratuitous-tank-battles,
risen-2-dark-waters,M
of-orcs-and-men,RP
megabyte-punch,
syndicate-2012,M
home-2012,
shado,
fifa-manager-13,E
hatoful-boyfriend,
binary-domain,M
pro-cycling-manager-season-2012-le-tour-de-france,
little-inferno,
primal-carnage,
secret-files-3,
the-sims-3-showtime,T
oozi-earth-adventure,
i-am-alive,M
colour-bind,
the-elder-scrolls-v-skyrim---dawnguard,M
king-arthur-ii-the-role-playing-wargame,T
sniper-elite-v2,M
forge,T
yesterday,
choplifter-hd,T
gotham-city-impostors,T
farming-simulator-2013,E
a-virus-named-tom,
naval-war-arctic-circle,RP
ravaged,M
microsoft-flight,E
painkiller-hell-damnation,M
guns-of-icarus-online,
uefa-euro-2012,E
hell-yeah!-wrath-of-the-dead-rabbit,T
pid,E10+
cargo-commander,T
galaxy-on-fire-2-full-hd,
jagged-alliance-crossfire,T
pineapple-smash-crew,
death-rally-2012,T
f1-race-stars,E
jagged-alliance-back-in-action,M
mutant-mudds,
a-game-of-dwarves,
carrier-command-gaea-mission,M
doom-3-bfg-edition,
lucius,
gas-guzzlers-combat-carnage,T
defenders-of-ardania,T
game-of-thrones,M
sol-exodus,
men-of-war-condemned-heroes,
tiny-troopers,
da-new-guys-day-of-the-jackass,
anna,
iron-front-liberation-1944,T
medal-of-honor-warfighter,M
spellforce-2-faith-in-destiny,T
port-royale-3-pirates-and-merchants,T
the-political-machine-2012,
a-valley-without-wind,T
law-order-legacies,
gemini-wars,
krater,
miner-wars-2081,
confrontation,
tryst,
iron-sky-invasion,
ace-of-spades,
cannon-fodder-3,
resident-evil-operation-raccoon-city,M
cortex-command,
7554,
deep-black-reloaded,
realms-of-ancient-war,T
orion-dino-horde,T
legends-of-pegasus,E10+
hoodwink,T
fray,
infestation-survivor-stories-the-war-z,M
bioshock-infinite,M
fez,E
spelunky,
brothers-a-tale-of-two-sons,T
dota-2,
rocksmith-2014-edition,T
crusader-kings-ii-the-old-gods,
the-stanley-parable,
guacamelee!-gold-edition,
the-swapper,
europa-universalis-iv,T
gone-home,
pac-man-championship-edition-dx-+,E
out-of-the-park-baseball-14,
kentucky-route-zero,
saints-row-iv,M
starcraft-ii-heart-of-the-swarm,T
tomb-raider,M
xcom-enemy-within,M
path-of-exile,
bittrip-presentsrunner2-future-legend-of-rhythm-alien,T
dust-an-elysian-tail,E10+
dmc-devil-may-cry,M
the-wolf-among-us-episode-1---faith,M
rogue-legacy,
football-manager-2014,E
sid-meiers-civilization-v-brave-new-world,E10+
trials-evolution-gold-edition,E10+
papers-please,
mass-effect-3-citadel,M
assassins-creed-iv-black-flag,M
gunpoint,
final-fantasy-xiv-online-a-realm-reborn,T
card-hunter-2013,
starseed-pilgrim,
monaco-whats-yours-is-mine,T
valdis-story-abyssal-city,
kentucky-route-zero---act-ii,
tom-clancys-splinter-cell-blacklist,M
sokobond,
antichamber,
metro-last-light,M
rising-storm,
battlefield-4,M
war-thunder,T
kentucky-route-zero---act-i,
castlevania-lords-of-shadow---ultimate-edition,M
victoria-ii-heart-of-darkness,
far-cry-3-blood-dragon,M
mortal-kombat-komplete-edition,M
grid-2,E
outlast,M
dishonored-the-brigmore-witches,M
goodbye-deponia,
brutal-legend,M
dishonored-the-knife-of-dunwall,M
company-of-heroes-2,M
the-sims-3-into-the-future,T
fallen-enchantress-legendary-heroes,
naruto-shippuden-ultimate-ninja-storm-3-full-burst,T
proteus,
wargame-airland-battle,T
dungeons-dragons-chronicles-of-mystara,T
the-walking-dead-season-two---a-telltale-games-series,M
the-wolf-among-us,M
euro-truck-simulator-2,
payday-2,M
sang-froid-tales-of-werewolves,
call-of-juarez-gunslinger,M
memoria-2013,
race-the-sun,
stick-it-to-the-man!,T
dont-starve,
trackmania-2-valley,
state-of-decay,M
the-walking-dead-season-two-episode-1---all-that-remains,M
deadcore,T
teleglitch-die-more-edition,
lego-marvel-super-heroes,E10+
dead-space-3,M
baldurs-gate-ii-enhanced-edition,
samurai-gunn,
the-walking-dead-400-days,M
battlefield-3-end-game,M
f1-2013,E
expeditions-conquistador,
element4l,
anomaly-2,T
teslagrad,E
eldritch,
sanctum-2,T
magic-duels-of-the-planeswalkers-2014,T
ace-combat-assault-horizon-enhanced-edition,T
resident-evil-revelations,M
angry-video-game-nerd-adventures,
crusader-kings-ii-sons-of-abraham,
cognition-an-erica-reed-thriller-episode-3---the-oracle,
risk-of-rain,E10+
toki-tori-2-+,E
steamworld-dig,
crysis-3,M
total-war-rome-ii,T
volgarr-the-viking,
divinity-dragon-commander,
shadowrun-returns,
need-for-speed-rivals,E10+
mercenary-kings,T
shootmania-storm,
poker-night-2,M
borderlands-2-sir-hammerlocks-big-game-hunt,M
reus,E10+
star-conflict,
anodyne,
the-night-of-the-rabbit,
nihilumbra,
beatbuddy-tale-of-the-guardians,
batman-arkham-origins,T
insurgency,
the-raven-legacy-of-a-master-thief,T
bittrip-fate,
the-bridge-2013,E
eador-masters-of-the-broken-world,
pro-evolution-soccer-2014,E
arma-3,M
neverwinter,
shadow-warrior,
mirrormoon-ep,
paper-sorcerer,
dungeon-hearts,
the-sims-3-island-paradise,T
pixeljunk-shooter,E10+
gas-guzzlers-extreme,
worms-clan-wars,E10+
castlestorm,T
fist-puncher,
loadout,M
the-sims-3-university-life,T
aarklash-legacy,
cognition-an-erica-reed-thriller-episode-2---the-wise-monkey,
the-incredible-adventures-of-van-helsing,T
the-inner-world,T
amnesia-a-machine-for-pigs,
forced,
cities-in-motion-2,
tetrobot-and-co,
pixeljunk-monsters-ultimate,E
surgeon-simulator-2013,
the-typing-of-the-dead-overkill,M
march-of-the-eagles,
sid-meiers-ace-patrol,
lilly-looking-through,
battle-worlds-kronos,
papo-yo,E10+
leviathan-warships,
halo-spartan-assault,T
bioshock-infinite-burial-at-sea---episode-one,M
magrunner-dark-pulse,M
cognition-an-erica-reed-thriller-episode-4---the-cain-killer,
democracy-3,
starpoint-gemini-2,
retrovirus,
enslaved-odyssey-to-the-west,T
richard-alice,
ironclad-tactics,T
broken-sword-5-the-serpents-curse---part-i,T
sword-of-the-stars-the-pit,T
resident-evil-6,M
foul-play,
world-of-warplanes,T
warframe,M
thunder-wolves,M
shelter,E10+
call-of-duty-ghosts,M
blackguards,
the-cave-2013,T
scribblenauts-unmasked-a-dc-comics-adventure,E10+
game-dev-tycoon,
age-of-empires-ii-hd-edition,T
mechwarrior-online,
pandora-first-contact,
rise-of-the-triad,M
the-showdown-effect,
dungeonland,RP
the-bureau-xcom-declassified,M
rise-of-venice,
strike-suit-infinity,
the-novelist,
the-yawhg,
might-magic-heroes-vi---shades-of-darkness,T
strike-suit-zero,E10+
slender-the-arrival,T
remember-me,M
the-raven-legacy-of-a-master-thief---a-murder-of-ravens,
blood-of-the-werewolf,T
pro-cycling-manager-season-2013-le-tour-de-france---100th-edition,
journey-of-a-roach,
defiance,M
wrc-4-fia-world-rally-championship,
the-mighty-quest-for-epic-loot,T
dusty-revenge,
pressure,E
simcity,E10+
nascar-the-game-2013,
dragons-prophet,RP
the-raven-legacy-of-a-master-thief---ancestry-of-lies,
total-war-rome-ii---caesar-in-gaul,
deadpool,M
defense-technica,
take-on-mars,
warface,T
war-of-the-vikings,RP
planetary-annihilation,
legend-of-dungeon,
redshirt,
knights-of-pen-paper-+1-edition,
sniper-elite-nazi-zombie-army,
bientot-lete,
contrast,T
betrayer,
wrc-3-fia-world-rally-championship,
the-dark-eye-demonicon,RP
lost-planet-3,T
sacred-citadel,T
simcity-cities-of-tomorrow-expansion-pack,E10+
stardrive,
signal-ops,
dead-island-riptide,M
violett,
evoland,
zeno-clash-ii,T
metro-last-light---faction-pack,M
how-to-survive,M
ethan-meteor-hunter,
mars-war-logs,M
face-noir,
deadly-premonition-the-directors-cut,M
master-reboot,T
god-mode,M
horizon,
space-hulk,T
urban-trial-freestyle,
marvel-heroes,
prime-world-defenders,
knock-knock,
guardians-of-middle-earth,T
leisure-suit-larry-reloaded,
humans-must-answer,
zack-zero,
darkout,
omerta-city-of-gangsters,T
rush-bros,
sniper-elite-nazi-zombie-army-2,
akaneiro-demon-hunters,
speedball-2-hd,
deadfall-adventures,M
sniper-ghost-warrior-2,M
lords-of-football,
alien-rage,M
jack-keane-2-the-fire-within,T
gomo,
bad-bots,
special-forces-team-x,M
hexodius,
tactical-intervention,
impire,
aliens-colonial-marines,M
star-trek-the-video-game,T
air-conflicts-vietnam,T
dark,M
seduce-me,AO
the-chaos-engine-2013,
montagues-mount,
the-walking-dead-survival-instinct,M
takedown-red-sabre,M
x-rebirth,T
ripd-the-game,T
ride-to-hell-retribution,M
kentucky-route-zero---act-iii,
dark-souls-ii,T
out-of-the-park-baseball-15,
hearthstone-heroes-of-warcraft,T
steinsgate,M
year-walk,
towerfall-ascension,E10+
diablo-iii-reaper-of-souls,M
divinity-original-sin,M
world-of-warcraft-warlords-of-draenor,T
astebreed,
the-binding-of-isaac-rebirth,
titanfall,M
the-talos-principle,T
legend-of-grimrock-ii,
dragon-age-inquisition,M
south-park-the-stick-of-truth,M
shovel-knight,E
assetto-corsa,E
valkyria-chronicles,T
battleblock-theater,T
middle-earth-shadow-of-mordor,M
hearthstone-heroes-of-warcraft---goblins-vs-gnomes,
tales-from-the-borderlands-episode-1---zer0-sum,M
metro-redux,M
europa-universalis-iv-wealth-of-nations,
the-wolf-among-us-episode-5---cry-wolf,M
ultimate-general-gettysburg,
smite,T
this-war-of-mine,
the-blackwell-epiphany,
metal-gear-rising-revengeance,M
transistor,T
freedom-planet,E10+
broforce,
door-kickers,
dark-souls-ii-crown-of-the-ivory-king,
endless-legend,
kero-blaster,
the-wolf-among-us-episode-3---a-crooked-mile,M
fifa-15,E
ether-one,E10+
the-vanishing-of-ethan-carter,M
age-of-wonders-iii---golden-realms,
dark-souls-ii-crown-of-the-sunken-king,T
lethal-league,
pro-evolution-soccer-2015,
wildstar,T
broken-age-act-1,
nidhogg,
sunless-sea,
the-walking-dead-season-two-episode-3---in-harms-way,M
marvel-heroes-2015,
wolfenstein-the-new-order,M
alien-isolation,M
company-of-heroes-2-ardennes-assault,M
the-walking-dead-season-two-episode-2---a-house-divided,M
dg2-defense-grid-2,
sid-meiers-civilization-beyond-earth,E10+
wasteland-2,M
galactic-civilizations-iii,E10+
shadowrun-dragonfall,
europa-universalis-iv-conquest-of-paradise,
company-of-heroes-2-the-western-front-armies,M
metal-gear-solid-v-ground-zeroes,M
trials-fusion,E10+
the-banner-saga,T
elite-dangerous,T
icewind-dale-enhanced-edition,
far-cry-4,M
super-time-force-ultra,
luftrausers,E
age-of-wonders-iii,T
football-manager-2015,
bioshock-infinite-burial-at-sea---episode-two,M
archeage,M
dungeon-of-the-endless,
valiant-hearts-the-great-war,T
geometry-wars-3-dimensions,E
resident-evil-4-ultimate-hd-edition,M
the-last-door,
outland,E10+
dark-souls-ii-crown-of-the-old-iron-king,
the-journey-down-chapter-two,
the-walking-dead-season-two-episode-5---no-going-back,M
call-of-duty-advanced-warfare,M
olliolli,E
strider,E10+
so-many-me,RP
grid-autosport,E
the-walking-dead-season-two-episode-4---amid-the-ruins,M
hearthstone-heroes-of-warcraft---curse-of-naxxramas,
plants-vs-zombies-garden-warfare,E10+
wargame-red-dragon,
joe-devers-lone-wolf-hd-remastered,
five-nights-at-freddys,
sherlock-holmes-crimes-punishments,M
mini-metro,
the-incredible-adventures-of-van-helsing-ii,T
neo-scavenger,
child-of-light,E10+
watch-dogs,M
lisa-the-painful,M
god-factory-wingmen,T
escape-goat-2,
the-fall,
the-wolf-among-us-episode-2---smoke-and-mirrors,M
tower-of-guns,E10+
broken-age,E10+
the-lost-chronicles-of-zerzura,
borderlands-the-pre-sequel,M
infested-planet,
tropico-5,T
jazzpunk,
mind-path-to-thalamus,
fract-osc,
roundabout,M
fenix-rage,
the-wolf-among-us-episode-4---in-sheeps-clothing,M
road-not-taken,E
game-of-thrones-episode-one---iron-from-ice,M
gabriel-knight-sins-of-the-fathers-20th-anniversary-edition,
shadows-heretic-kingdoms,
il-2-sturmovik-battle-of-stalingrad,T
cloud-chamber,
life-goes-on,
scrolls,
outlast-whistleblower,M
space-run,
kings-bounty-dark-side,
hack-n-slash,
lara-croft-and-the-temple-of-osiris,T
lords-of-the-fallen,M
strike-vector,
warlock-2-the-exiled,
banished,
always-sometimes-monsters,
gigantic-army,
dreamfall-chapters-book-one-reborn,
full-bore,
the-last-federation,
broken-sword-5-the-serpents-curse---part-ii,
mousecraft,E
cloudbuilt,E10+
black-the-fall,T
heavy-bullets,
space-hulk-ascension,T
never-alone,E10+
the-last-tinker-city-of-colors,E10+
10-second-ninja,
the-crew,T
screencheat,
killer-is-dead-nightmare-edition,M
lords-of-xulima,
styx-master-of-shadows,M
julia-among-the-stars,
might-magic-x-legacy,
the-elder-scrolls-online,M
to-end-all-wars,
sniper-elite-iii,M
assassins-creed-unity,M
dead-state,
dead-rising-3-apocalypse-edition,M
the-golf-club,E
thief,M
lumino-city,
anomaly-defenders,
the-sims-4,T
halfway,
abyss-odyssey,T
panzer-tactics-hd,
magicka-wizard-wars,
toybox-turbos,E
minimum,
octodad-dadliest-catch,E10+
lichdom-battlemage,
the-marvellous-miss-take,
shadowgate,
rogue-stormers,T
nom-nom-galaxy,
the-lego-movie-videogame,E10+
runers,
gauntlet-2014,M
men-of-war-assault-squad-2,
warhammer-40000-armageddon,
costume-quest-2,E10+
neverending-nightmares,
spacecom,
a-golden-wake,
the-evil-within,M
tesla-effect-a-tex-murphy-adventure,
rollers-of-the-realm,T
the-witcher-adventure-game,
munin,
ancient-space,
train-fever,
spintires,E
pro-cycling-manager-season-2014-le-tour-de-france,
platformines,
silence-of-the-sleep,
age-of-mythology-extended-edition,
among-the-sleep,T
blazerush,E10+
kickbeat-steam-edition,T
consortium,
assassins-creed-liberation-hd,M
a-bird-story,
flockers,T
naissancee,
concursion,
stronghold-crusader-ii,T
elegy-for-a-dead-world,
memento-mori-2,
unrest,
risen-3-titan-lords,M
depth,
the-impossible-game,
farming-simulator-15,E
whispering-willows,T
chronology,
the-legend-of-korra,T
gods-will-be-watching,
fist-of-jesus,
sir-you-are-being-hunted,
quest-for-infamy,
goat-simulator,M
buzz-aldrins-space-program-manager,
dex,
the-old-city-leviathan,
continue9876543210,
shadowrun-chronicles-boston-lockdown,
redux-dark-matters,
ryse-son-of-rome,M
a-city-sleeps,
f1-2014,E
magic-duels-of-the-planeswalkers-2015,T
batman-arkham-origins-blackgate---deluxe-edition,T
firefall,
lifeless-planet,
schrodingers-cat-and-the-raiders-of-the-lost-quark,
murdered-soul-suspect,M
dead-effect,
the-castle-doctrine,
1954-alcatraz,
secrets-of-raetikon,
castlevania-lords-of-shadow-2,M
sacred-3,M
randals-monday,
nether,
back-to-bed,
jet-car-stunts,E
the-amazing-spider-man-2,T
infinity-runner,
bound-by-flame,M
monochroma,
dreadout,M
moebius-empire-rising,
spellforce-2-demons-of-the-past,
windforge,
escape-dead-island,M
worlds-of-magic,
jagged-alliance-flashback,
enemy-front,M
daylight,M
transformers-rise-of-the-dark-spark,T
yaiba-ninja-gaiden-z,M
light-2014,
deus-ex-the-fall,M
wayward-manor,
4pm,
rambo-the-video-game,M
rekoil,
grand-theft-auto-v,M
the-witcher-3-wild-hunt,M
undertale,
metal-gear-solid-v-the-phantom-pain,M
the-witcher-3-wild-hunt---hearts-of-stone,M
pillars-of-eternity,M
nuclear-throne,
kerbal-space-program,
starcraft-ii-legacy-of-the-void,T
ori-and-the-blind-forest,E
oddworld-abes-oddysee---new-n-tasty,T
crypt-of-the-necrodancer,
tales-from-the-borderlands-episode-5---the-vault-of-the-traveler,
final-fantasy-xiv-heavensward,T
her-story,
homeworld-remastered-collection,E10+
heroes-of-the-storm,T
dirt-rally,E
rocket-league,E
cities-skylines,E
tales-from-the-borderlands-a-telltale-game-series,M
the-binding-of-isaac-afterbirth,M
chaos-reborn,
zenzizenzic,
mega-man-legacy-collection,E
system-shock-enhanced-edition,
80-days-2015,
hearthstone-heroes-of-warcraft---the-grand-tournament,
soma,M
grim-fandango-remastered,T
fallout-4,M
life-is-strange,M
project-cars,E
helldivers,T
life-is-strange-episode-5---polarized,M
invisible-inc,
hearthstone-heroes-of-warcraft---blackrock-mountain,
hacknet,
the-talos-principle-road-to-gehenna,
kings-quest-chapter-1-a-knight-to-remember,E10+
technobabylon,
resident-evil-hd-remaster,M
olliolli2-welcome-to-olliwood,
shadowrun-hong-kong,
football-manager-2016,E
downwell,
tales-from-the-borderlands-episode-3---catch-a-ride,M
guild-wars-2-heart-of-thorns,T
the-age-of-decadence,
order-of-battle-pacific,
world-of-warships,T
fifa-16,E
the-book-of-unwritten-tales-2,T
lovers-in-a-dangerous-spacetime,
westerado-double-barreled,
volume,T
age-of-wonders-iii---eternal-lords,
dariusburst-chronicle-saviours,
grandia-ii-anniversary-edition,T
read-only-memories,
dropsy,
company-of-heroes-2-the-british-forces,M
life-is-strange-episode-3---chaos-theory,M
the-legend-of-heroes-trails-in-the-sky-sc,RP
axiom-verge,T
total-war-attila,T
the-magic-circle,
stasis,
warhammer-end-times---vermintide,M
else-heartbreak(),
cities-skylines---after-dark,
jotun,T
dark-souls-ii-scholar-of-the-first-sin,T
the-incredible-adventures-of-van-helsing-final-cut,T
sid-meiers-civilization-beyond-earth---rising-tide,E10+
tales-from-the-borderlands-episode-4---escape-plan-bravo,M
frozen-cortex,
assault-android-cactus,
tom-clancys-rainbow-six-siege,M
apotheon,T
human-resource-machine,
mushroom-11,
hand-of-fate,T
avernum-2-crystal-souls,
galak-z-the-dimensional,
ar-k-episode-3-the-great-escape,
tales-from-the-borderlands-episode-2---atlas-mugged,M
deathtrap,T
republique-episode-1---exordium,
life-is-strange-episode-1---chrysalis,M
life-is-strange-episode-2---out-of-time,M
game-of-thrones-episode-three---the-sword-in-the-darkness,M
magic-duels-origins,
stealth-inc-2-a-game-of-clones,
dragon-age-inquisition---trespasser,
evolve,M
grey-goo,T
aviary-attorney,
three-fourths-home,
pix-the-cat,
game-of-thrones-episode-four---sons-of-winter,M
ys-vi-the-ark-of-napishtim,
mortal-kombat-x,M
wolfenstein-the-old-blood,M
luckslinger,
jumpjet-rex,
life-is-strange-episode-4---dark-room,M
the-beginners-guide,
castle-in-the-darkness,
pillars-of-eternity-the-white-march---part-1,M
blood-bowl-2,T
pathologic-classic-hd,
audiosurf-2,
distraint,
pro-evolution-soccer-2016,E
armello,E10+
rebel-galaxy,T
satellite-reign,
grow-home,
airscape-the-fall-of-gravity,
gravity-ghost,
victor-vran,
dying-light,M
not-a-hero,
chroma-squad,
ironcast,
sorcerer-king,
evoland-2-a-slight-case-of-spacetime-continuum-disorder,
titan-souls,
space-colony-steam-edition,
just-cause-3,M
kingdom,
blackguards-2,
hotline-miami-2-wrong-number,M
guns-gore-cannoli,T
assassins-creed-syndicate,M
crookz-the-big-heist,
mordheim-city-of-the-damned,
oceanhorn-monster-of-uncharted-seas,
assassins-creed-rogue,M
action-henk,
transformers-devastation,T
annas-quest,
resident-evil-revelations-2,M
a-pixel-story,
game-of-thrones-episode-five---a-nest-of-vipers,M
the-red-solstice,
dragon-age-inquisition---jaws-of-hakkon,
game-of-thrones-episode-two---the-lost-lords,M
resident-evil-revelations-2---episode-1-penal-colony,M
mad-max,M
dragon-quest-heroes-the-world-trees-woe-and-the-blight-below,T
minecraft-story-mode---episode-3-the-last-place-you-look,E10+
yatagarasu-attack-on-cataclysm,
the-sims-4-get-to-work,T
thea-the-awakening,
hard-west,
0rbitalis,
massive-chalice,T
blues-and-bullets---episode-1-the-end-of-peace,
broken-age-act-2,
call-of-duty-black-ops-iii,M
lemma,
adventures-of-pip,E10+
anno-2205,E10+
block-n-load,
renowned-explorers-international-society,
star-wars-battlefront,T
convoy,
lego-jurassic-world,E10+
big-pharma,
guild-of-dungeoneering,
way-of-the-samurai-4,M
devil-may-cry-4-special-edition,M
warhammer-40000-regicide,
tormentum---dark-sorrow,
homesick,
the-sims-4-get-together,T
zombie-army-trilogy,M
dyscourse,
the-escapists,
dreamfall-chapters-book-two-rebels,
the-fall-of-the-dungeon-guardians,
battlefield-hardline,M
act-of-aggression,
legends-of-eisenwald,
sublevel-zero,
minecraft-story-mode---episode-1-the-order-of-the-stone,E10+
harold,
stardrive-2,
batman-arkham-knight,M
dead-synchronicity-tomorrow-comes-today,
ronin,
verdun,
dungeons-2,T
super-galaxy-squadron,
the-swindle,
game-of-thrones-episode-six---the-ice-dragon,
shadow-blade-reload,
clandestine,
mayan-death-robots,
magicka-2,T
final-fantasy-type-0-hd,M
star-hammer-the-vanguard-prophecy,
valhalla-hills,
oblitus,
tembo-the-badass-elephant,E10+
dead-or-alive-5-last-round,M
bloodsportstv,
inside-my-radio,E10+
master-spy,
white-night,M
masochisia,
infinite-crisis,T
warlocks-vs-shadows,
five-nights-at-freddys-3,
trine-3-the-artifacts-of-power,
the-charnel-house-trilogy,
minecraft-story-mode---episode-4-a-block-and-a-hard-place,E10+
ride,E
the-masterplan,
knights-of-pen-paper-2,
kings-quest-chapter-2-rubble-without-a-cause,E10+
assassins-creed-chronicles-china,T
turok-remastered,
might-magic-heroes-vii,T
skyshines-bedlam,
uncanny-valley,
the-park,
d4-dark-dreams-dont-die,
rise-of-incarnates,M
pro-cycling-manager-season-2015,
the-sims-4-outdoor-retreat,T
saints-row-gat-out-of-hell,M
sunset,
fairy-fencer-f,T
lightning-returns-final-fantasy-xiii,T
halo-spartan-strike,T
citizens-of-earth,E10+
heroes-of-normandie,
cradle,
zombi,M
feist,
heroes-of-might-magic-iii---hd-edition,T
rememoried,
wrc-5,E
war-the-game,
war-for-the-overworld,
legions-of-steel,
albino-lullaby-episode-1,
game-of-thrones-a-telltale-games-series,M
fire,
phantom-breaker-battle-grounds,
kholat,
sid-meiers-starships,
legend-of-kay-anniversary,E10+
party-hard,
the-incredible-adventures-of-van-helsing-iii,T
rymdresa,
dirty-bomb,
republique-episode-4---gods-acre,
missing-an-interactive-thriller---episode-one,
grand-ages-medieval,T
skyhill,
life-is-feudal-your-own,
neon-struct,
morningstar-descent-to-deadrock,
etherium,
breach-clear-deadline,
sym,
magnetic-cage-closed,
f1-2015,E
fahrenheit-indigo-prophecy-remastered,M
traverser,
the-perils-of-man,
windward,
sword-coast-legends,T
i-am-bread,E10+
beyond-eyes,
spectra-2015,
a-fistful-of-gun,
subject-13,
cross-of-the-dutchman,
aarus-awakening,E
dream,
minecraft-story-mode---episode-2-assembly-required,E10+
the-weaponographist,
shelter-2,
kyn,
there-came-an-echo,
vector-thrust,
armikrog,
pulse,
toren,T
supreme-league-of-patriots,
gryphon-knight-epic,
woolfe---the-red-hood-diaries,
warhammer-quest,
son-of-nor,
hatoful-boyfriend-holiday-star,
carmageddon-reincarnation,
red-goddess-inner-world,
animal-gods,
corpse-of-discovery,
lucius-ii,
solarix,
submerged,
cities-xxl,
coast-guard,
la-cops,
hatred,AO
enki,
zombeer,M
ravens-cry,
alone-in-the-dark-illumination,
out-of-the-park-baseball-17,
the-witcher-3-wild-hunt---blood-and-wine,M
overwatch,T
stephens-sausage-roll,
kentucky-route-zero---act-iv,
dark-souls-iii,M
stardew-valley,E10+
xcom-2,T
ori-and-the-blind-forest-definitive-edition,E
sid-meiers-civilization-vi,E10+
battlefield-1,M
world-of-warcraft-legion,T
owlboy,E10+
the-witness,E
inside,M
hex-shards-of-fate,
forza-horizon-3,E
rise-of-the-tomb-raider,M
total-war-warhammer,T
gears-of-war-4,M
dishonored-2,M
f1-2016,E
pony-island,
thumper,
titanfall-2,M
day-of-the-tentacle-remastered,
hearthstone-heroes-of-warcraft---whispers-of-the-old-gods,
blazblue-chrono-phantasma-extend,T
shadow-tactics-blades-of-the-shogun,
the-last-door-season-2,
chime-sharp,
doom,M
planet-coaster,E
darkest-dungeon,
enter-the-gungeon,T
hyper-light-drifter,T
hitman---episode-2-sapienza,
final-fantasy-ix,
icey,E10+
fifa-17,E
speedrunners,
superhot-vr,T
grim-dawn,
final-fantasy-x-x-2-hd-remaster,T
deus-ex-mankind-divided,M
devil-daggers,
hitman,M
abzu,E
hearts-of-iron-iv,
duskers,
the-banner-saga-2,
superhot,T
danganronpa-trigger-happy-havoc,
videoball,
duelyst,
starbound,E10+
quadrilateral-cowboy,
unravel,E
steamworld-heist,
the-walking-dead-the-telltale-series---a-new-frontier-episode-1-ties-that-bind-part-one,
firewatch,
zombie-night-terror,
dragons-dogma-dark-arisen,M
the-bug-butcher,
nelly-cootalot-the-fowl-fleet,
overcooked!,
motorsport-manager,E10+
maldita-castilla-ex-cursed-castilla,
atlas-reactor,
redout-2016,E
leap-of-fate,
tyranny,T
football-manager-2017,E
oxenfree,T
the-walking-dead-the-telltale-series---a-new-frontier-episode-2-ties-that-bind-part-two,
bioshock-the-collection,M
samorost-3,
oneshot,
ghost-10,
candle,RP
1979-revolution-black-friday,
cities-skylines---natural-disasters,E
fractured-space,
fallout-4-far-harbor,M
goetia,
dying-light-the-following,M
tom-clancys-the-division,M
kelvin-and-the-infamous-machine,
pillars-of-eternity-the-white-march---part-2,M
trackmania-turbo,E
hitman---episode-3-marrakesh,
anarcute,
homeworld-deserts-of-kharak,E10+
hue,
the-metronomicon,T
shadow-warrior-2,
xanadu-next,
obliteracers,E
deathsmiles,
the-sims-4-city-living,T
stellaris,
wuppo,
zero-escape-zero-time-dilemma,
that-dragon-cancer,
melty-blood-actress-again-current-code,
the-count-lucanor,
pac-man-championship-edition-2,E
crashlands,
offworld-trading-company,
dungelot-shattered-lands,
reigns,
baldurs-gate-siege-of-dragonspear,
va-11-hall-a-cyberpunk-bartender-action,
echoes-of-aetheria,
orwell,
on-rusty-trails,
lumo,
the-lions-song,
chronos,T
battlefleet-gothic-armada,
kathy-rain,
day-of-infamy,
dark-train,
worms-wmd,E10+
polaris-sector,
the-aquatic-adventure-of-the-last-human,
total-war-warhammer---realm-of-the-wood-elves,
obduction,
clustertruck,
deponia-doomsday,
the-final-station,
furi,M
everybodys-gone-to-the-rapture,
american-truck-simulator,E
rock-band-vr,
space-run-galaxy,
watch-dogs-2,M
killing-floor-2,M
beholder,T
seasons-after-fall,
battlezone-98-redux,
silence-the-whispered-world-2,
shardlight,
batman-the-telltale-series---episode-5-city-of-light,
road-to-ballhalla,
hitman---intro-pack,
gremlins-inc,
event0,
epistory---typing-chronicles,
slain-back-from-hell,
fallout-4-nuka-world,
far-cry-primal,M
the-turing-test,E10+
street-fighter-v,T
heavens-hope,
yesterday-origins,M
dead-rising-4,M
neon-chrome,T
eagle-flight,
tastee-lethal-tactics,
disgaea-pc,T
headlander,T
mirrors-edge-catalyst,T
virginia,
batman-the-telltale-series---episode-1-realm-of-shadows,M
master-of-orion-conquer-the-stars,
stories-the-path-of-destinies,
ladykiller-in-a-bind,
the-deadly-tower-of-monsters,T
black-desert-online,
batman-the-telltale-series---episode-4-guardian-of-gotham,
god-eater-2-rage-burst,T
punch-club,T
livelock,T
hard-reset-redux,
dark-souls-iii-ashes-of-ariandel,M
rive,
call-of-duty-infinite-warfare,M
starcraft-ii-nova-covert-ops---mission-pack-1,
batman-the-telltale-series---episode-3-new-world-order,
gears-of-war-ultimate-edition-for-windows-10,M
kona,T
poly-bridge,
the-flame-in-the-flood,T
project-highrise,
batman-the-telltale-series---episode-2-children-of-arkham,
layers-of-fear,
hitman-go-definitive-edition,E10+
steep,T
duke-nukem-3d-20th-anniversary-world-tour,M
lego-star-wars-the-force-awakens,E10+
cities-skylines---snowfall,E
lichtspeer,
total-war-warhammer---call-of-the-beastmen,
demetrios---the-big-cynical-adventure,
grow-up,E
dead-by-daylight,M
klang,
corpse-party,
song-of-the-deep,E
the-detail,
aragami,M
dreamfall-chapters,
crazy-machines-3,
the-climb,
transport-fever,
edge-of-nowhere,
the-walking-dead-michonne---episode-3-what-we-deserve,
halcyon-6-starbase-commander,
i-am-setsuna,E10+
brigador,
human-fall-flat,
the-collider-2,
the-warlock-of-firetop-mountain,
dead-island-definitive-collection,M
senran-kagura-shinovi-versus,M
mother-russia-bleeds,
wailing-heights,
sorcery!-parts-1-and-2,
the-walking-dead-the-telltale-series---a-new-frontier,M
the-walking-dead-michonne---episode-1-in-too-deep,
eve-valkyrie,
diaries-of-a-spaceport-janitor,
ashes-of-the-singularity,
battleborn,T
cobalt,
pro-evolution-soccer-2017,E
okhlos,
fragments-of-him,
aurion-legacy-of-the-kori-odan,
farming-simulator-17,E
8-bit-armies,E10+
bear-with-me-episode-1,
blade-soul,M
koihime-enbu,
the-guest,M
need-for-speed,T
resident-evil-0-hd-remaster,M
the-solus-project,
forced-showdown,
fallout-4-automatron,M
turnon,
the-walking-dead-michonne---a-telltale-miniseries,M
ride-2,E
champions-of-anteria,
the-way,
small-radios-big-televisions,
rogue-wizards,
calendula,
dungeon-souls,
sebastien-loeb-rally-evo,E
quantum-break,M
the-walking-dead-michonne---episode-2-give-no-shelter,
wrc-6-world-rally-championship,E
this-is-the-police,M
galactic-civilizations-iii-mercenaries,
agatha-christie-the-abc-murders,
maize,
sherlock-holmes-the-devils-daughter,T
luckys-tale,
ohsir!,
blade-arcus-from-shining-battle-arena,
californium,
franchise-hockey-manager-3,
the-silver-case,M
p-o-l-l-e-n,
the-town-of-light,M
batman-the-telltale-series,M
adr1ft,T
obscuritas,
assassins-creed-chronicles-india,T
through-the-woods,
wheels-of-aurelia,
cossacks-3,
crush-your-enemies,
the-westport-independent,
sheltered,
mafia-iii,M
between-me-and-the-night,
little-kings-story,T
moon-hunters,E10+
senran-kagura-bon-appetit!---full-course,
the-little-acre,
tharsis,M
into-the-stars,
the-dwarves,M
no-mans-sky,T
the-descendant,
tempest-2015,
we-are-the-dwarves,T
necropolis,
shooting-stars!,
cornerstone-the-song-of-tyrim,
zheros,
clockwork-empires,RP
hunters-legacy,
space-hulk-deathwing,M
recore,T
scrap-garden,
time-machine-vr,
goliath,
the-bunker,
soul-axiom,
the-technomancer,M
shattered-skies,
syndrome,
the-assembly,
bohemian-killing,
homefront-the-revolution,M
postal-redux,
gemini-heroes-reborn,T
breached,
et-armies,
dangerous-golf,
trials-of-the-blood-dragon,T
assassins-creed-chronicles-russia,T
planar-conquest,
phantaruk,
shadwen,
back-in-1995,
warhammer-40000-eternal-crusade,
mighty-no-9,E10+
dinocide,
shiny,E
death-by-game-show,
blood-alloy-reborn,
nightcry,
bus-simulator-16,
bombshell-2016,M
rollercoaster-tycoon-world,E
slain!,
alekhines-gun,
umbrella-corps,M
divinity-original-sin-ii,
okami-hd,T
bayonetta,M
f1-2017,E
lone-echo,
rez-infinite,
what-remains-of-edith-finch,
xcom-2-war-of-the-chosen,T
cuphead,E10+
night-in-the-woods,
final-fantasy-xiv-stormblood,T
hollow-knight,E10+
raw-data,
total-war-warhammer-ii,T
west-of-loathing,
wolfenstein-ii-the-new-colossus,M
playerunknowns-battlegrounds,T
injustice-2,T
paradigm,
battlerite,
galactic-civilizations-iii-crusade,
steamworld-dig-2,
robo-recall,T
starcraft-remastered,
planescape-torment---enhanced-edition,T
rakuen,
gorogoa,
nex-machina-death-machine,
nier-automata,M
nioh-complete-edition,M
thimbleweed-park,
project-cars-2,E
the-end-is-nigh,
assassins-creed-origins,M
detention,
guild-wars-2-path-of-fire,T
hellblade-senuas-sacrifice,M
bleed-2,
destiny-2,T
the-sexy-brutale,T
the-legend-of-heroes-trails-in-the-sky-the-3rd,
steel-division-normandy-44,
resident-evil-7-biohazard,M
dark-souls-iii-the-ringed-city,M
la-noire-the-vr-case-files,M
football-manager-2018,
tekken-7,T
stellaris-utopia,
pyre,
super-hydorah,E10+
forza-motorsport-7,E
prey,M
darkest-dungeon-the-crimson-court,
she-remembered-caterpillars,
torment-tides-of-numenera,M
rising-storm-2-vietnam,
faeria,E
fortnite,T
finding-paradise,
reigns-her-majesty,
little-nightmares,T
form,
pro-evolution-soccer-2018,E
stories-untold,
slime-rancher,
south-park-the-fractured-but-whole,M
fifa-18,E
dishonored-death-of-the-outsider,M
antihero,
the-elder-scrolls-legends,
endless-space-2,E10+
the-evil-within-2,M
hand-of-fate-2,
flinthook,
battle-brothers,
darkwood,
the-legend-of-heroes-trails-of-cold-steel,T
tooth-and-tail,
the-sims-4-cats-dogs,T
nidhogg-2,T
life-is-strange-before-the-storm---episode-1-awake,M
ys-seven,
tales-of-berseria,T
splasher,
wilsons-heart,
a-hat-in-time,E10+
rumu,
the-inner-world-the-last-wind-monk,E10+
cat-quest,E10+
batman-the-enemy-within---the-telltale-series,M
zwei-the-ilvard-insurrection,
heat-signature,
hearthstone-heroes-of-warcraft---journey-to-ungoro,
everspace,
high-hell,
doki-doki-literature-club!,
fallout-4-vr,
vanquish,M
the-disney-afternoon-collection,E10+
observer,M
ken-folletts-the-pillars-of-the-earth,M
battle-chasers-nightwar,T
sniper-elite-4,M
dirt-4,T
marvels-guardians-of-the-galaxy-the-telltale-series,T
rime,E10+
star-trek-bridge-crew,E10+
shadows-of-adam,
bridge-constructor-portal,
the-elder-scrolls-online-morrowind,M
figment,
world-of-final-fantasy,E10+
herald-an-interactive-period-drama,
cosmic-star-heroine,
battlestar-galactica-deadlock,
the-long-dark,T
warhammer-40000-dawn-of-war-iii,M
spintires-mudrunner,E
full-throttle-remastered,
life-is-strange-before-the-storm,M
batman-the-enemy-within---episode-1-the-enigma,M
lawbreakers,M
tacoma,
secret-world-legends,
old-mans-journey,E
hob,
master-x-master,
for-honor,M
battlefield-1-they-shall-not-pass,M
gigantic,T
bulletstorm-full-clip-edition,M
future-unfolding,
serious-sams-bogus-detour,
diablo-iii-rise-of-the-necromancer,M
outlast-2,
rick-and-morty-virtual-rick-ality,
vaporum,
middle-earth-shadow-of-war,M
last-day-of-june,E
absolver,
stars-in-shadow,
ruiner,
get-even,
attentat-1942,
the-darkside-detective,
the-escapists-2,
ode,
dungeons-3,T
bomber-crew,E10+
life-is-strange-before-the-storm---episode-3-hell-is-empty,M
sundered,T
the-walking-dead-the-telltale-series---a-new-frontier-episode-3-above-the-law,
alone-with-you,
expeditions-viking,
mages-of-mystralia,
milkmaid-of-the-milky-way,
the-walking-dead-the-telltale-series---a-new-frontier-episode-5-from-the-gallows,M
oriental-empires,
minecraft-story-mode-season-two---episode-2-giant-consequences,
mirage-arcane-warfare,
regalia-of-men-and-monarchs,
mega-man-legacy-collection-2,E10+
children-of-zodiarcs,
spellforce-3,M
starpoint-gemini-warlords,T
yooka-laylee,E10+
call-of-duty-wwii,M
the-surge,M
tower-57,
mass-effect-andromeda,M
the-wardrobe,
purrfect-date,
styx-shards-of-darkness,M
dream-daddy-a-dad-dating-simulator,
echo-2017,
narcosis,
the-mages-tale,T
marvels-guardians-of-the-galaxy---episode-3-more-than-a-feeling,T
imprint-x,
kingdoms-and-castles,
marvels-guardians-of-the-galaxy---episode-2-under-pressure,T
albion-online,
senran-kagura-estival-versus,
conarium,T
minecraft-story-mode-season-two---episode-3-jailhouse-block,
titan-quest-ragnarok,T
arktika1,
alwas-awakening,E
lego-worlds,E10+
the-walking-dead-the-telltale-series---a-new-frontier-episode-4-thicker-than-water,
marvels-guardians-of-the-galaxy---episode-4-who-needs-you,T
snake-pass,E
minecraft-story-mode-season-two---episode-1-hero-in-residence,E10+
batman-the-enemy-within---episode-2-the-pact,M
aporia-beyond-the-valley,
ovivo,
a-normal-lost-phone,
batman-the-enemy-within---episode-3-the-fractured-mask,M
loot-rascals,
pinstripe,
drifting-lands,
pro-cycling-manager-2017,
beat-cop,
ark-survival-evolved,T
tokyo-42,
yonder-the-cloud-catcher-chronicles,E10+
immortal-redneck,
blackwood-crossing,
halo-wars-2,T
road-redemption,
marvels-guardians-of-the-galaxy---episode-1-tangled-up-in-blue,T
sudden-strike-4,T
tokyo-dark,
mr-shifty,
the-fidelio-incident,
warhammer-40000-sanctus-reach,
tom-clancys-ghost-recon-wildlands,M
aer-memories-of-old,
doom-vfr,M
desync,
the-signal-from-tolva,
hackgu-last-recode,T
marvel-vs-capcom-infinite,T
tiny-metal,E10+
agents-of-mayhem,M
seven-the-days-long-gone,
shiness-the-lightning-kingdom,
marvels-guardians-of-the-galaxy---episode-5-dont-stop-believin,
outcast-second-contact,T
skylar-plux-adventure-on-clover-island,E
blitzkrieg-3,
911-operator,
the-long-journey-home,
solstice-chronicles-mia,
songbringer,T
2dark,M
elex,M
scanner-sombre,
tyranny-bastards-wound,
nba-playgrounds,E
diluvion,
rain-world,
vikings-wolves-of-midgard,M
bounty-train,
hyakki-castle,
immortal-planet,
atomega,
the-crows-eye,
aven-colony,
star-wars-battlefront-ii,T
danger-zone,
thehunter-call-of-the-wild,T
the-franz-kafka-videogame,
rise-shine,
serial-cleaner,
redeemer,
strafe,
impact-winter,
need-for-speed-payback,T
total-war-rome-ii---empire-divided,
urban-empire,
friday-the-13th-the-game,M
destiny-2-curse-of-osiris,
phoning-home,
rogue-trooper-redux,T
black-mirror,M
auto-age-standoff,
sniper-ghost-warrior-3,M
tartarus,
empathy-path-of-whispers,
micro-machines-world-series,E10+
memoranda,
formula-fusion,
perception,M
sonic-forces,E10+
empyre-lords-of-the-sea-gates,
realpolitiks,
syberia-3,
double-dragon-iv,T
bush-hockey-league,M
inmates,
reservoir-dogs-bloody-days,
bubsy-the-woolies-strike-back,E
husk,
inner-chains,
hello-neighbor,E10+
into-the-breach,E10+
dead-cells,
return-of-the-obra-dinn,
dusk,
monster-hunter-world,T
pillars-of-eternity-ii-deadfire,M
celeste,
forza-horizon-4,E
subnautica,E10+
rimworld,
unavowed,
iconoclasts,T
yakuza-0,M
crosscode,
football-manager-2019,E
assassins-creed-odyssey,M
final-fantasy-xv-windows-edition,T
dragon-ball-fighterz,T
batman-the-enemy-within---episode-5-same-stitch,
full-metal-furies,
thronebreaker-the-witcher-tales,
sprint-vector,
destiny-2-forsaken,T
total-war-warhammer-ii---rise-of-the-tomb-kings,
frostpunk,M
magic-the-gathering-arena,T
guacamelee!-2,E10+
gris,E
yokus-island-express,E10+
dark-souls-remastered,M
two-point-hospital,E10+
final-fantasy-xii-the-zodiac-age,T
valkyria-chronicles-4,T
call-of-duty-black-ops-4,M
the-elder-scrolls-online-summerset,M
the-forest,
total-war-warhammer-ii---curse-of-the-vampire-coast,
the-messenger,E10+
f1-2018,E
hitman-2,M
the-banner-saga-3,T
wandersong,
warhammer-vermintide-2,
fell-seal-arbiters-mark,T
wreckfest,T
the-sims-4-seasons,T
ashen,T
the-elder-scrolls-v-skyrim-vr,M
chuchel,
ni-no-kuni-ii-revenant-kingdom,T
battlefield-v,M
katamari-damacy-reroll,E
youropa,
soulcalibur-vi,T
guns-gore-cannoli-2,
the-gardens-between,
life-is-strange-2-episode-1---roads,M
northgard,
the-red-strings-club,
pro-evolution-soccer-2019,E
unforeseen-incidents,
far-lone-sails,
the-wizards,
space-invaders-extreme,
for-the-king,T
minit,E
la-mulana-2,
archangel-hellfire,
the-awesome-adventures-of-captain-spirit,
mega-man-11,E10+
semblance,
world-of-warcraft-battle-for-azeroth,T
sid-meiers-civilization-vi-rise-and-fall,
battletech,
insurgency-sandstorm,
project-warlock,
sairento-vr,
warhammer-40000-mechanicus,
runner3,
transference,M
mutant-year-zero-road-to-eden,M
the-missing-jj-macfield-and-the-island-of-memories,M
a-way-out,M
pit-people,
brass-tactics,
far-cry-5,M
legendary-gary,
tower-of-time,
bloodstained-curse-of-the-moon,E10+
the-walking-dead-the-telltale-series---the-final-season,M
ancestors-legacy,M
shadows-awakening,T
shadow-of-the-tomb-raider,M
the-sims-4-get-famous,T
solo,
a-case-of-distrust,
batman-the-enemy-within---episode-4-what-ails-you,
donut-county,
remothered-tormented-fathers,M
qube-2,E
kerbal-space-program-making-history,
frozen-synapse-2,
unravel-two,E
nba-2k19,E
the-walking-dead-the-telltale-series---the-final-season-episode-1-done-running,
aegis-defenders,
crash-bandicoot-n-sane-trilogy,E10+
candleman-the-complete-journey,
kingdom-come-deliverance,M
surviving-mars,E10+
aggressors-ancient-rome,
forgotton-anne,
artifact,
shenmue-i-ii,T
horizon-chase-turbo,
a-total-war-saga-thrones-of-britannia,
prey-mooncrash,
star-control-origins,
kenshi,
ghost-of-a-tale,
omensight,
total-war-arena,
bladed-fury,
overload,
bad-north,T
moonlighter,E10+
railway-empire,E
grip-combat-racing,E10+
where-the-water-tastes-like-wine,
nantucket,
ys-memories-of-celceta,
the-swords-of-ditto,E10+
dead-in-vinland,
phantom-doctrine,M
11-11-memories-retold,T
quarantine-circular,
tesla-vs-lovecraft,
farming-simulator-19,E
apocalipsis,
the-council---episode-1-the-mad-ones,M
battle-princess-madelyn,E
the-fall-part-2-unbound,T
monster-prom,
space-hulk-tactics,
rad-rodgers,M
pathfinder-kingmaker,
last-year-the-nightmare,RP
fe,E
stellaris-apocalypse,
lamplight-city,
mothergunship,T
book-of-demons,
chasm,T
the-golf-club-2019-featuring-pga-tour,E
planet-alpha,
the-station,T
vampyr,M
far-cry-5-hours-of-darkness,M
all-walls-must-fall,
leisure-suit-larry-wet-dreams-dont-dry,
the-council---episode-3-ripples,
the-bards-tale-iv-barrows-deep,
attack-of-the-earthlings,
gray-dawn,
warhammer-40000-gladius---relics-of-war,
deaths-gambit,
cultist-simulator,
not-tonight,
masters-of-anima,
39-days-to-mars,
life-is-strange-2,M
crossing-souls,T
h1z1,T
deep-sky-derelicts,
darksiders-iii,M
atom-rpg-post-apocalyptic-indie-game,
irisfall,
60-parsecs!,
dandara,
the-council---episode-2-hide-and-seek,
city-of-brass,
pure-farming-2018,E
light-fall,
age-of-empires-definitive-edition,T
we-were-here-too,
graveyard-keeper,
jurassic-world-evolution,T
lost-sphear,E10+
rust,
megaquarium,
fox-n-forests,
state-of-decay-2,M
the-walking-dead-the-telltale-series---the-final-season-episode-2-suffer-the-children,
state-of-mind,M
trailblazers,
my-memory-of-us,
conan-exiles,
empires-apart,
steel-rats,
marvel-powers-united-vr,
the-spectrum-retreat,
strange-brigade,T
wartile,
tsioque,
tt-isle-of-man,E
battlezone-combat-commander,
zwei-the-arges-adventure,
seeking-dawn,
genital-jousting,
just-cause-4,M
smoke-and-sacrifice,E10+
legrand-legacy-tale-of-the-fatebounds,
another-sight,E
below,
the-council,M
the-thin-silence,
warhammer-40000-inquisitor---martyr,M
call-of-cthulhu,M
bus-simulator-18,
red-faction-guerrilla-re-mars-tered,M
sea-of-thieves,T
inked,
the-kings-bird,
fallen-legion+,
this-is-the-police-2,M
the-crew-2,T
naruto-to-boruto-shinobi-striker,T
ash-of-gods-redemption,M
innerspace,
downward-spiral-horus-station,
antigraviator,
machiavillain,
sinner-sacrifice-for-redemption,
fable-fortune,
murderous-pursuits,
hypergun,
the-settlers-history-collection,
gravel,E
we-happy-few,M
sword-art-online-fatal-bullet,T
earthfall,T
far-cry-5-lost-on-mars,M
exorder,
symmetry-2018,
desert-child,
x4-foundations,
dakar-18,E
jagged-alliance-rage!,M
the-council---episode-4-burning-bridges,
dynasty-warriors-9,T
the-council---episode-5-checkmate,
achtung!-cthulhu-tactics,
stone,M
metal-gear-survive,M
kingdom-come-deliverance---from-the-ashes,M
fallout-76,M
overkills-the-walking-dead,M
bullet-witch,
yumenikki--dream-diary-,
extinction,M
lust-for-darkness,
past-cure,M
agony,M
fear-effect-sedna,M
kursk,
underworld-ascendant,T
super-seducer-how-to-talk-to-girls,M
wild-west-online,
red-dead-redemption-2,M
disco-elysium,
final-fantasy-xiv-shadowbringers,T
tetris-effect,E
resident-evil-2,M
devil-may-cry-5,M
slay-the-spire,
asgards-wrath,M
sekiro-shadows-die-twice,M
unity-of-command-ii,
apex-legends,T
baba-is-you,
f1-2019,E
sunless-skies,
valfaris,M
devotion,
control,M
dragon-quest-builders-2,E10+
amid-evil,
total-war-three-kingdoms,T
outer-wilds,E10+
dirt-rally-20,E
manifold-garden,
eliza,
football-manager-2020,E
tom-clancys-the-division-2,M
age-of-empires-ii-definitive-edition,T
telling-lies,M
shovel-knight-king-of-cards,
bloodstained-ritual-of-the-night,T
life-is-strange-2-episode-5---wolves,M
what-the-golf,E
one-finger-death-punch-2,
trials-rising,T
ape-out,
katana-zero,
hypnospace-outlaw,
the-outer-worlds,M
the-sims-4-discover-university,T
mortal-kombat-11,M
yakuza-kiwami-2,M
metro-exodus,M
life-is-strange-2-episode-4---faith,M
pistol-whip,
children-of-morta,T
gears-5,M
wargroove,E10+
world-of-warcraft-classic,T
yuppie-psycho,
star-wars-jedi-fallen-order,T
frog-detective-2-the-case-of-the-invisible-wizard,
the-elder-scrolls-online-dragonhold,M
irony-curtain-from-matryoshka-with-love,
unruly-heroes,
stygian-reign-of-the-old-ones,
mordhau,
hunt-showdown,M
stormland,T
borderlands-3,M
halo-reach-remastered,M
anno-1800,
call-of-duty-modern-warfare,M
age-of-wonders-planetfall,T
planet-zoo,E10+
my-friend-pedro,T
yooka-laylee-and-the-impossible-lair,E
a-plague-tale-innocence,M
trine-4-the-nightmare-prince,E10+
horace,
void-bastards,M
phoenix-wright-ace-attorney-trilogy,
the-elder-scrolls-online-elsweyr,M
detroit-become-human,M
spellforce-3-soul-harvest,
sid-meiers-civilization-vi-gathering-storm,
fantasy-general-ii,
bury-me-my-love,
yakuza-kiwami,M
octopath-traveler,T
catherine-classic,M
dicey-dungeons,
autonauts,
knights-and-bikes,
ion-fury,
gato-roboto,
blazing-chrome,T
life-is-strange-2-episode-2---rules,M
observation,M
arise-a-simple-story,E
dauntless,T
untitled-goose-game,E
druidstone-the-secret-of-the-menhir-forest,
descenders,
angry-birds-vr-isle-of-pigs,
lost-ember,E10+
indivisible,T
a-short-hike,
ace-combat-7-skies-unknown,T
arcade-spirits,T
life-is-strange-2-episode-3---wastelands,M
remnant-from-the-ashes,M
tropico-6,T
the-textorcist-the-story-of-ray-bibbia,
operencia-the-stolen-sun,T
the-sojourn,E
forager,
eastshade,
a-fishermans-tale,
destiny-2-shadowkeep,T
vacation-simulator,
wrc-8-fia-world-rally-championship,E
battlefleet-gothic-armada-2,
the-walking-dead-the-telltale-series---the-final-season-episode-4-take-us-back,
whispers-of-a-machine,
audica,
rebel-galaxy-outlaw,
they-are-billions,
plants-vs-zombies-battle-for-neighborville,E10+
green-hell,
blasphemous,M
space-junkies,
still-there,T
darksiders-genesis,T
assetto-corsa-competizione,E
little-big-workshop,
cat-quest-ii-the-lupus-empire,
toejam-earl-back-in-the-groove,E10+
transport-fever-2,
the-surge-2,M
neo-cab,
imperator-rome,
heavens-vault,
beyond-two-souls,M
field-of-glory-empires,
feudal-alloy,
we-the-revolution,
the-dark-pictures---man-of-medan,M
defector,
gods-trigger,
crying-suns,
heavy-rain,M
afterparty,
borderlands-3-moxxis-heist-of-the-handsome-jackpot,M
the-walking-dead-the-telltale-series---the-final-season-episode-3-broken-toys,
black-future-88,T
phoenix-point,
grid,E
dawn-of-man,T
gibbous---a-cthulhu-adventure,
pikuniku,
john-wick-hex,M
mechwarrior-5-mercenaries,
the-beast-inside,
far-cry-new-dawn,M
superliminal,
final-fantasy-viii-remastered,T
the-legend-of-bum-bo,
nowhere-prophet,
dead-or-alive-6,M
the-eternal-castle-remastered,
steel-division-2,
my-time-at-portia,E10+
rage-2,M
draugen,
minoria,
dark-devotion,
greedfall,M
need-for-speed-heat,T
shakedown-hawaii,T
astroneer,E
god-eater-3,T
code-vein,M
mutant-year-zero-road-to-eden---seed-of-evil,M
rad,T
song-of-horror,
sd-gundam-g-generation-cross-rays,T
felix-the-reaper,T
the-sinking-city,M
sniper-ghost-warrior-contracts,M
darq,
sparklite,E10+
layers-of-fear-2,M
vampire-the-masquerade---coteries-of-new-york,M
mages-initiation-reign-of-the-elements,
tech-support-error-unknown,
world-war-z,M
mosaic,T
blair-witch,M
wolfenstein-youngblood,M
rebel-cops,
warhammer-chaosbane,M
pathologic-2,M
tannenberg,
shenmue-iii,T
moons-of-madness,M
overland,E10+
night-call,
the-hong-kong-massacre,
pathway,
rain-of-reflections-chapter-1,
deliver-us-the-moon,T
the-occupation,T
dry-drowning,
argonus-and-the-gods-of-stone,
outward,M
total-war-three-kingdoms---eight-princes,
rainswept,
weedcraft-inc,
genesis-alpha-one,M
interrogation-you-will-be-deceived,
onimusha-warlords,M
american-fugitive,M
truberbrook-a-nerd-saves-the-world,
espire-1-vr-operative,M
the-church-in-the-darkness,
blacksad-under-the-skin,M
the-bradwell-conspiracy,T
metal-wolf-chaos-xd,T
yiik-a-postmodern-rpg,M
xenon-racer,E
ancestors-the-humankind-odyssey,T
pagan-online,T
sea-of-solitude,T
198x,
jon-shafers-at-the-gates,
deliver-us-the-moon-fortuna,T
the-blackout-club,
daymare-1998,M
warsaw,
rise-of-industry,
mable-amp-the-wood,
conan-unconquered,
kingdom-under-fire-ii,
warparty,
sniper-elite-v2-remastered,M
jump-force,T
terminator-resistance,M
vambrace-cold-soul,
crossroads-inn,
anthem,T
bee-simulator,E
tom-clancys-ghost-recon-breakpoint,M
vicious-circle,
fade-to-silence,M
the-great-perhaps,
crackdown-3,M
grimshade,
bannermen,
headspun,
generation-zero,T
silver-chains,
dance-of-death-du-lac-fey,
devils-hunt,M
rune-ii,
paranoia-happiness-is-mandatory,T
everreach-project-eden,
narcos-rise-of-the-cartels,M
half-life-alyx,
ori-and-the-will-of-the-wisps,E
doom-eternal,M
legends-of-runeterra,T
monster-hunter-world---iceborne,T
huntdown,T
monster-train,
if-found,
deep-rock-galactic,
lair-of-the-clockwork-god,T
panzer-corps-2,
streets-of-rage-4,T
one-step-from-eden,
snowrunner,E
remnant-from-the-ashes---swamps-of-corsus,
the-pedestrian,
filament,
gears-tactics,M
the-walking-dead-saints-sinners,M
total-war-three-kingdoms---a-world-betrayed,
neversong,
the-procession-to-calvary,
call-of-duty-warzone,M
total-war-three-kingdoms---mandate-of-heaven,
kunai,
frostpunk-the-last-autumn,
tom-clancys-the-division-2-warlords-of-new-york,
a-fold-apart,E
the-room-vr-a-dark-matter,
murder-by-numbers,
broken-lines,
trials-of-mana,T
beautiful-desolation,
iratus-lord-of-the-dead,
xcom-chimera-squad,T
bloodroots,
control-the-foundation,M
resident-evil-3,M
signs-of-the-sojourner,
virtuaverse,
fort-triumph,
journey-to-the-savage-planet,T
luna-the-shadow-dust,
coffee-talk,T
yes-your-grace,
biped,E
in-other-waters,
mafia-ii-definitive-edition,M
darwin-project,
cloudpunk,
iron-danger,
lightmatter,E10+
dragon-ball-z-kakarot,T
zombie-army-4-dead-war,M
borderlands-3-guns-love-and-tentacles,
daemon-x-machina,
through-the-darkest-of-times,
the-shattering,
maneater,M
112-operator,
before-we-leave,
minecraft-dungeons,E10+
tt-isle-of-man-ride-on-the-edge-2,E
exit-the-gungeon,
saints-row-the-third-remastered,M
simulacra-2,
fallout-76-wastelanders,
the-blind-prophet,
ministry-of-broadcast,M
the-dark-crystal-age-of-resistance-tactics,E10+
corruption-2029,
close-to-the-sun,M
might-magic-chess-royale,
ao-tennis-2,E
wavey-the-rocket,
bookbound-brigade,
the-suicide-of-rachel-foster,
overpass,E
the-complex,M
bleeding-edge,T
someday-youll-return,
predator-hunting-grounds,M
drug-dealer-simulator,
wizardry-labyrinth-of-lost-souls,
conglomerate-451,
wolcen-lords-of-mayhem,
commandos-2-hd-remaster,T
warcraft-iii-reforged,T
warlander,
romance-of-the-three-kingdoms-xiv,E10+
orangeblood,
praetorians-hd-remaster,
table-manners,
